{"$schema":"http://schema.management.azure.com/schemas/2015-01-01/deploymentTemplate.json#","contentVersion":"1.0.0.0","parameters":{"factoryName":{"type":"string","metadata":"Data Factory name"},"ADFconnectionwithDataLake":{"type":"string"},"HttpServer1":{"type":"string"}},"variables":{"factoryId":"[concat('Microsoft.DataFactory/factories/', parameters('factoryName'))]"},"resources":[{"name":"[concat(parameters('factoryName'), '/dynamicCopyPipeline')]","type":"Microsoft.DataFactory/factories/pipelines","apiVersion":"2018-06-01","properties":{"activities":[{"name":"ForEachItem","type":"ForEach","dependsOn":[{"activity":"LookupDataFromSource","dependencyConditions":["Succeeded"]}],"userProperties":[],"typeProperties":{"items":{"value":"@activity('LookupDataFromSource').output.value\n","type":"Expression"},"isSequential":true,"activities":[{"name":"dynamicCopyPipeline","type":"Copy","dependsOn":[],"policy":{"timeout":"0.12:00:00","retry":0,"retryIntervalInSeconds":30,"secureOutput":false,"secureInput":false},"userProperties":[],"typeProperties":{"source":{"type":"DelimitedTextSource","storeSettings":{"type":"HttpReadSettings","requestMethod":"GET"},"formatSettings":{"type":"DelimitedTextReadSettings"}},"sink":{"type":"DelimitedTextSink","storeSettings":{"type":"AzureBlobFSWriteSettings"},"formatSettings":{"type":"DelimitedTextWriteSettings","quoteAllText":true,"fileExtension":".txt"}},"enableStaging":false,"translator":{"type":"TabularTranslator","typeConversion":true,"typeConversionSettings":{"allowDataTruncation":true,"treatBooleanAsNumber":false}}},"inputs":[{"referenceName":"ConnectionFromSource","type":"DatasetReference","parameters":{"p_rel_url":{"value":"@replace(trim(item().p_rel_url), '/blob/', '/')\n\n","type":"Expression"}}}],"outputs":[{"referenceName":"ConnectionToDataLake","type":"DatasetReference","parameters":{"p_folder":{"value":"@item().p_folder","type":"Expression"},"p_file_name":{"value":"@item().p_file_name","type":"Expression"}}}]}]}},{"name":"LookupDataFromSource","type":"Lookup","dependsOn":[],"policy":{"timeout":"0.12:00:00","retry":0,"retryIntervalInSeconds":30,"secureOutput":false,"secureInput":false},"userProperties":[],"typeProperties":{"source":{"type":"JsonSource","storeSettings":{"type":"AzureBlobFSReadSettings","recursive":true,"enablePartitionDiscovery":false},"formatSettings":{"type":"JsonReadSettings"}},"dataset":{"referenceName":"Jsondata","type":"DatasetReference","parameters":{}},"firstRowOnly":false}}],"policy":{"elapsedTimeMetric":{}},"annotations":[],"lastPublishTime":"2025-10-28T13:59:57Z"},"dependsOn":["[concat(variables('factoryId'), '/datasets/Jsondata')]","[concat(variables('factoryId'), '/datasets/ConnectionFromSource')]","[concat(variables('factoryId'), '/datasets/ConnectionToDataLake')]"]},{"name":"[concat(parameters('factoryName'), '/Jsondata')]","type":"Microsoft.DataFactory/factories/datasets","apiVersion":"2018-06-01","properties":{"linkedServiceName":{"referenceName":"[parameters('ADFconnectionwithDataLake')]","type":"LinkedServiceReference"},"annotations":[],"type":"Json","typeProperties":{"location":{"type":"AzureBlobFSLocation","fileName":"finaljsondata.json","fileSystem":"parameter"}},"schema":{"type":"object","properties":{"p_rel_url":{"type":"string"},"p_folder":{"type":"string"},"p_file_name":{"type":"string"}}}},"dependsOn":[]},{"name":"[concat(parameters('factoryName'), '/ConnectionFromSource')]","type":"Microsoft.DataFactory/factories/datasets","apiVersion":"2018-06-01","properties":{"linkedServiceName":{"referenceName":"[parameters('HttpServer1')]","type":"LinkedServiceReference"},"parameters":{"p_rel_url":{"type":"String"}},"annotations":[],"type":"DelimitedText","typeProperties":{"location":{"type":"HttpServerLocation","relativeUrl":{"value":"@dataset().p_rel_url","type":"Expression"}},"columnDelimiter":",","escapeChar":"\\","firstRowAsHeader":true,"quoteChar":"\""},"schema":[]},"dependsOn":[]},{"name":"[concat(parameters('factoryName'), '/ConnectionToDataLake')]","type":"Microsoft.DataFactory/factories/datasets","apiVersion":"2018-06-01","properties":{"linkedServiceName":{"referenceName":"[parameters('ADFconnectionwithDataLake')]","type":"LinkedServiceReference"},"parameters":{"p_folder":{"type":"String"},"p_file_name":{"type":"String"}},"annotations":[],"type":"DelimitedText","typeProperties":{"location":{"type":"AzureBlobFSLocation","fileName":{"value":"@dataset().p_file_name","type":"Expression"},"folderPath":{"value":"@dataset().p_folder","type":"Expression"},"fileSystem":"bronze"},"columnDelimiter":",","escapeChar":"\\","firstRowAsHeader":true,"quoteChar":"\""},"schema":[]},"dependsOn":[]}]}